,l.id
0,84994797918
1,85011891254
2,85011915733
3,85014229510
4,85019624049
5,85020257587
6,85021094125
7,85021899740
8,85022066424
9,85022071002
10,85027562644
11,85028959204
12,85029818459
13,85030635652
14,85030846210
15,85031400722
16,85031933188
17,85032225861
18,85032432882
19,85032691636
20,85034037558
21,85034268326
22,85034991318
23,85035323661
24,85035335791
25,85036494583
26,85037812126
27,85037999060
28,85038010058
29,85038030583
30,85038874301
31,85039984671
32,85040784668
33,85040789682
34,85040930764
35,85041319175
36,85041368622
37,85041419172
38,85041462712
39,85041471953
40,85041494308
41,85041554101
42,85041619225
43,85041680827
44,85041727486
45,85041892617
46,85042348978
47,85042373126
48,85042510739
49,85042563347
50,85042637153
51,85042857262
52,85043378750
53,85043456930
54,85043486756
55,85043687256
56,85044037605
57,85044100623
58,85044255505
59,85044478927
60,85044504794
61,85044527605
62,85044545374
63,85044627024
64,85044946324
65,85045025830
66,85045087730
67,85045616242
68,85045713038
69,85045843942
70,85045880156
71,85046030343
72,85046078806
73,85046104168
74,85046349671
75,85046443732
76,85046473436
77,85046649627
78,85046780756
79,85046997256
80,85047007592
81,85047052854
82,85047113263
83,85047164065
84,85047263996
85,85047273580
86,85047305790
87,85047344776
88,85047400542
89,85047436590
90,85047485244
91,85047622204
92,85047664244
93,85048145068
94,85048269752
95,85048276261
96,85048422362
97,85049207535
98,85049401287
99,85049535270
100,85049593866
101,85049893142
102,85049964164
103,85050089963
104,85050399858
105,85050544337
106,85050602712
107,85050811010
108,85050919447
109,85050922078
110,85050945318
111,85050968237
112,85051536573
113,85051672867
114,85051702133
115,85051794662
116,85051840032
117,85052023711
118,85052216681
119,85052377391
120,85052488654
121,85052531825
122,85052541960
123,85052825627
124,85052968790
125,85053213055
126,85053423390
127,85053504686
128,85053818719
129,85054163150
130,85054184001
131,85054583665
132,85054590025
133,85054621002
134,85054632872
135,85054775945
136,85055093749
137,85055142822
138,85055172748
139,85055188449
140,85055312528
141,85055613453
142,85055641538
143,85055936299
144,85055988463
145,85056192806
146,85056200000
147,85056354694
148,85056400294
149,85056509328
150,85056590125
151,85056995413
152,85057150050
153,85057175872
154,85057550603
155,85057584822
156,85057835953
157,85058047556
158,85058232479
159,85058307261
160,85058381356
161,85058382112
162,85058384818
163,85058432591
164,85058717573
165,85058841080
166,85058983048
167,85059056868
168,85059194056
169,85059292352
170,85059470814
171,85059537789
172,85059661943
173,85059807736
174,85059814699
175,85060341545
176,85060754264
177,85060943807
178,85061034562
179,85061059269
180,85061243115
181,85061267681
182,85061294002
183,85061479711
184,85061626134
185,85062041913
186,85062349283
187,85062394550
188,85062527043
189,85062726346
190,85062870801
191,85063019957
192,85063037528
193,85063150094
194,85063267754
195,85063303409
196,85063326075
197,85063401120
198,85063432536
199,85063529752
200,85063576577
201,85063732788
202,85063776488
203,85063999587
204,85064121799
205,85064203545
206,85064249255
207,85064394304
208,85064523817
209,85064677022
210,85064847838
211,85064985698
212,85065071964
213,85065076191
214,85065082466
215,85065134466
216,85065219635
217,85065258830
218,85065417151
219,85065540486
220,85065557033
221,85065706713
222,85065720311
223,85065733961
224,85065861114
225,85065915318
226,85066078842
227,85066084611
228,85066235456
229,85066251209
230,85066336496
231,85066456544
232,85066832483
233,85066999169
234,85067005434
235,85067029849
236,85067048587
237,85067118904
238,85067236770
239,85067303409
240,85067362960
241,85067364793
242,85067441977
243,85067553955
244,85067669525
245,85067682383
246,85067887004
247,85067939815
248,85067998476
249,85068050759
250,85068163650
251,85068345041
252,85068367264
253,85068482297
254,85068485265
255,85068508173
256,85068610221
257,85068641277
258,85068780426
259,85068802771
260,85068835476
261,85068899454
262,85068982883
263,85069209605
264,85069219917
265,85069272962
266,85069328095
267,85069440912
268,85069445628
269,85069648777
270,85069683127
271,85069775657
272,85069776717
273,85069864372
274,85069889234
275,85069908392
276,85070730856
277,85070777695
278,85070887862
279,85070967460
280,85070975532
281,85071105530
282,85071198566
283,85071269811
284,85071276825
285,85071326066
286,85071354570
287,85071397754
288,85071743078
289,85071767741
290,85071785692
291,85071882735
292,85072014235
293,85072144865
294,85072175191
295,85072229317
296,85072268571
297,85072269018
298,85072656884
299,85072691758
300,85072737390
301,85072746800
302,85072791175
303,85072847644
304,85072850749
305,85072859242
306,85072996966
307,85073067791
308,85073089044
309,85073496257
310,85073507038
311,85073526056
312,85073529830
313,85073565672
314,85073735811
315,85073741734
316,85073817232
317,85073819211
318,85073822735
319,85073939495
320,85074031507
321,85074076384
322,85074097218
323,85074152331
324,85074310161
325,85074411239
326,85074523430
327,85074569518
328,85074703921
329,85074707394
330,85074749399
331,85074850336
332,85075032534
333,85075060368
334,85075248064
335,85075343986
336,85075517053
337,85075534099
338,85075586789
339,85075628194
340,85075807706
341,85075835717
342,85075915068
343,85075934812
344,85075947794
345,85076058139
346,85076249738
347,85076265509
348,85076345380
349,85076603666
350,85076606991
351,85076614689
352,85076792477
353,85077073854
354,85077216268
355,85077343946
356,85077429939
357,85077532487
358,85077646889
359,85077768603
360,85078001937
361,85078017746
362,85078018843
363,85078049766
364,85078089137
365,85078093381
366,85078120406
367,85078151356
368,85078248569
369,85078282226
370,85078495236
371,85078562034
372,85078860934
373,85078960433
374,85079119941
375,85079166274
376,85079188760
377,85079427365
378,85079598800
379,85079634751
380,85079716621
381,85079787046
382,85079798634
383,85080091737
384,85080101758
385,85080891429
386,85080922366
387,85080931364
388,85080932055
389,85081140448
390,85081210596
391,85081228270
392,85081282668
393,85081545491
394,85081640923
395,85081674187
396,85081746798
397,85081911834
398,85081929690
399,85081945901
400,85082065799
401,85082092383
402,85082420038
403,85082484990
404,85082717874
405,85082850250
406,85082968349
407,85083002300
408,85083071958
409,85083201464
410,85083296795
411,85083365374
412,85083482804
413,85083516048
414,85083523582
415,85083567787
416,85083581099
417,85083706044
418,85084142278
419,85084237653
420,85084347476
421,85084378872
422,85084385394
423,85084470210
424,85084503297
425,85084572571
426,85084665697
427,85084968659
428,85085009943
429,85085028810
430,85085086881
431,85085099908
432,85085123452
433,85085472212
434,85085563803
435,85085687411
436,85085760271
437,85085909187
438,85085994436
439,85086002186
440,85086016803
441,85086227209
442,85086586942
443,85086781984
444,85086886470
445,85086939613
446,85087022518
447,85087052540
448,85087140696
449,85087158889
450,85087423341
451,85087423982
452,85087468816
453,85087683837
454,85087739710
455,85087807101
456,85087843072
457,85087905890
458,85087907671
459,85087986407
460,85088028328
461,85088098750
462,85088146256
463,85088311090
464,85088512020
465,85088517758
466,85088646665
467,85088716103
468,85088809122
469,85088872690
470,85088879976
471,85089034384
472,85089034532
473,85089171436
474,85089274620
475,85089299766
476,85089310509
477,85089332826
478,85089430366
479,85089445740
480,85089506613
481,85089663974
482,85089859429
483,85089955954
484,85089963485
485,85089978022
486,85089988820
487,85090002106
488,85090123363
489,85090192658
490,85090209846
491,85090247564
492,85090258666
493,85090273111
494,85090282371
495,85090288353
496,85090408695
497,85090418357
498,85090559669
499,85090634635
500,85090668789
501,85090756339
502,85090786590
503,85090789309
504,85090814855
505,85090830351
506,85090991496
507,85091052772
508,85091211346
509,85091236535
510,85091312417
511,85091436264
512,85091802240
513,85091844509
514,85091855716
515,85092039739
516,85092073308
517,85092075687
518,85092117796
519,85092132807
520,85092234898
521,85092300522
522,85092331982
523,85092450077
524,85092524906
525,85092571976
526,85092615486
527,85092709391
528,85092714986
529,85092765294
530,85092904360
531,85093122730
532,85094101696
533,85094574793
534,85094613812
535,85095700852
536,85095798434
537,85095848278
538,85095865378
539,85095997383
540,85096115561
541,85096138332
542,85096191714
543,85096232908
544,85096339594
545,85096430770
546,85096432465
547,85096559454
548,85096583676
549,85096643146
550,85096649035
551,85096649930
552,85096670844
553,85096713258
554,85096797142
555,85096814832
556,85096828330
557,85096839555
558,85096865759
559,85097030068
560,85097278478
561,85097315678
562,85097319186
563,85097376594
564,85097388941
565,85097476622
566,85097507601
567,85097573029
568,85097598013
569,85097609625
570,85097665321
571,85097754956
572,85097759056
573,85097776096
574,85097893473
575,85098075483
576,85098240896
577,85098255482
578,85098332405
579,85098461867
580,85098470386
581,85098547497
582,85098798932
583,85098875840
584,85098995639
585,85099055227
586,85099152835
587,85099214806
588,85099403676
589,85099510728
590,85099568611
591,85099729412
592,85099738556
593,85099899114
594,85099969383
595,85100016526
596,85100056338
597,85100125815
598,85100384379
599,85100421844
600,85100501287
601,85100527344
602,85100826405
603,85101054469
604,85101101437
605,85101109890
606,85101229384
607,85101357105
608,85101459601
609,85101471600
610,85101594646
611,85101597870
612,85101743624
613,85101899050
614,85101922363
615,85102007457
616,85102270310
617,85102344838
618,85102422736
619,85102547261
620,85102622106
621,85102623563
622,85102773981
623,85102802570
624,85102806396
625,85102860113
626,85103068155
627,85103137055
628,85103140622
629,85103227507
630,85103265408
631,85103321873
632,85103344380
633,85103377648
634,85103403728
635,85103636568
636,85103863148
637,85103936690
638,85103990516
639,85104382409
640,85104497297
641,85104530796
642,85104610241
643,85104646011
644,85104760004
645,85104793091
646,85104929970
647,85104944270
648,85104984885
649,85105176929
650,85105196506
651,85105203876
652,85105263137
653,85105442582
654,85105516303
655,85105556101
656,85105573619
657,85105599444
658,85105851194
659,85105956917
660,85106183437
661,85106192234
662,85106248013
663,85106273182
664,85106363377
665,85106540645
666,85106601487
667,85106713467
668,85106888680
669,85107229225
670,85107273370
671,85107482302
672,85107531109
673,85107551693
674,85107561210
675,85107563807
676,85107855740
677,85107864752
678,85107865575
679,85107973676
680,85107980378
681,85108064972
682,85108192115
683,85108219142
684,85108330388
685,85108346139
686,85108600970
687,85108605180
688,85108784665
689,85108965899
690,85109000124
691,85109031039
692,85109072402
693,85109269256
694,85109722218
695,85109827725
696,85109976345
697,85110104784
698,85110112677
699,85110292793
700,85110299405
701,85110356902
702,85110493153
703,85110685282
704,85110697664
705,85110743510
706,85111025787
707,85111050451
708,85111052516
709,85111240487
710,85111346253
711,85111533897
712,85111557523
713,85111665342
714,85111810698
715,85111925272
716,85111946546
717,85112058234
718,85112131168
719,85112493295
720,85112610102
721,85112751314
722,85112784137
723,85112848005
724,85113262462
725,85113404517
726,85113497033
727,85113520020
728,85113535269
729,85113728349
730,85113784835
731,85113812490
732,85113922768
733,85114042056
734,85114167023
735,85114419200
736,85114453441
737,85114459930
738,85114663711
739,85114667376
740,85114788897
741,85114789198
742,85114796109
743,85115079568
744,85115116426
745,85115279177
746,85115348501
747,85115621094
748,85115651157
749,85116114409
750,85116276999
751,85116324952
752,85116440953
753,85116533652
754,85116714628
755,85116857847
756,85117098397
757,85117178352
758,85117225287
759,85117397654
760,85117510252
761,85117619025
762,85117703305
763,85117835446
764,85118228599
765,85118231834
766,85118275963
767,85118301464
768,85118357689
769,85118413736
770,85118418553
771,85118498186
772,85118499562
773,85118531758
774,85118639674
775,85118655546
776,85118769087
777,85118848310
778,85119008194
779,85119043130
780,85119063644
781,85119324797
782,85119347300
783,85119347609
784,85119381293
785,85119414361
786,85119428178
787,85119587568
788,85119610168
789,85119926173
790,85119930862
791,85120075965
792,85120344637
793,85120684433
794,85120696092
795,85120718975
796,85120743756
797,85121040064
798,85121044955
799,85121057023
800,85121280370
801,85121450329
802,85121572316
803,85121575632
804,85121638062
805,85121719004
806,85121764452
807,85121916380
808,85121957987
809,85122107782
810,85122163997
811,85122290407
812,85122314169
813,85122468804
814,85122623812
815,85122699677
816,85122707686
817,85122816220
818,85122823475
819,85122949029
820,85122965055
821,85122978976
822,85123043149
823,85123083352
824,85123243043
825,85123309350
826,85123373439
827,85123377318
828,85123454780
829,85123464833
830,85123519768
831,85123572309
832,85123733643
833,85123749034
834,85123778938
835,85123781614
836,85123894848
837,85123985464
838,85124001265
839,85124013309
840,85124192713
841,85124293475
842,85124311969
843,85124518109
844,85124580208
845,85124588174
846,85124660000
847,85124742643
848,85124898073
849,85124988656
850,85125014824
851,85125042278
852,85125063558
853,85125188625
854,85125220076
855,85125341116
856,85125426099
857,85125471976
858,85125538830
859,85125589544
860,85125844982
861,85125860352
862,85125943347
863,85126030319
864,85126292779
865,85126329492
866,85126418456
867,85126539765
868,85126555684
869,85126721654
870,85126821753
871,85126920415
872,85126940849
873,85127091197
874,85127193715
875,85127196099
876,85127293010
877,85127362995
878,85127375045
879,85127430170
880,85127475912
881,85127532067
882,85127542537
883,85127644489
884,85127697702
885,85127933105
886,85127955982
887,85128052627
888,85128220305
889,85128230598
890,85128271777
891,85128487609
892,85128496217
893,85128607491
894,85128724831
895,85128749598
896,85129053800
897,85129162717
898,85129306371
899,85129338385
900,85129339199
901,85129377508
902,85129600697
903,85129701137
904,85129917651
905,85129979592
906,85129997050
907,85130041142
908,85130212429
909,85130251131
910,85130323843
911,85130449503
912,85130563011
913,85130619724
914,85130636723
915,85130763669
916,85130962131
917,85130965603
918,85131006782
919,85131241404
920,85131268546
921,85131447485
922,85131714277
923,85131739522
924,85131788460
925,85131902835
926,85131967243
927,85132178863
928,85132183078
929,85132207470
930,85132208053
931,85132213409
932,85132418115
933,85132434864
934,85132454074
935,85132688631
936,85132816448
937,85133100732
938,85133134878
939,85133164273
940,85133215097
941,85133260370
942,85133277502
943,85133350031
944,85133458057
945,85133502562
946,85133649529
947,85133655166
948,85133866894
949,85133926641
950,85133954126
951,85134215129
952,85134398742
953,85134487146
954,85134495823
955,85134560890
956,85134577850
957,85134581319
958,85134685335
959,85134818608
960,85134834588
961,85135034115
962,85135072802
963,85135193559
964,85135428496
965,85135495353
966,85135578225
967,85135694636
968,85135732672
969,85135857839
970,85135902292
971,85136026197
972,85136195780
973,85136468385
974,85136479357
975,85136533985
976,85136547873
977,85136619553
978,85136734883
979,85136879457
980,85137008512
981,85137122935
982,85137297676
983,85137350425
984,85137419881
985,85137523943
986,85137558194
987,85137561882
988,85137594876
989,85137886621
990,85137915823
991,85137920388
992,85138059747
993,85138138761
994,85138148154
995,85138183020
996,85138199307
997,85138564993
998,85138667865
999,85138728572
1000,85138749446
1001,85138759452
1002,85138789451
1003,85138847607
1004,85139030836
1005,85139044043
1006,85139068460
1007,85139328368
1008,85139397138
1009,85139459340
1010,85139514859
1011,85139785389
1012,85139791806
1013,85139803923
1014,85139870050
1015,85139888738
1016,85139966508
1017,85139978021
1018,85140027804
1019,85140273406
1020,85140303211
1021,85140311013
1022,85140330577
1023,85140336433
1024,85140577156
1025,85140594312
1026,85140595411
1027,85140622721
1028,85140785920
1029,85140808290
1030,85140909092
1031,85140917324
1032,85141004370
1033,85141020100
1034,85141094475
1035,85141293256
1036,85141384325
1037,85141385325
1038,85141476144
1039,85141495352
1040,85141729890
1041,85141737066
1042,85141740767
1043,85141845720
1044,85141948983
1045,85141994352
1046,85142201274
1047,85142233008
1048,85142300242
1049,85142382695
1050,85142400526
1051,85142452278
1052,85142506875
1053,85142810873
1054,85142849542
1055,85143134088
1056,85143416791
1057,85143486829
1058,85143501500
1059,85143546804
1060,85143719935
1061,85143854507
1062,85143988660
1063,85144166008
1064,85144210720
1065,85144508125
1066,85144515201
1067,85144576230
1068,85144647612
1069,85144677545
1070,85144719058
1071,85144755649
1072,85144835962
1073,85144885374
1074,85145204341
1075,85145218380
1076,85145345425
1077,85145492554
1078,85145658474
1079,85145663694
1080,85145813246
1081,85145820133
1082,85145867436
1083,85145966933
1084,85146174274
1085,85146340281
1086,85146481285
1087,85146590839
1088,85146625100
1089,85146746144
1090,85146777071
1091,85146788020
1092,85146790166
1093,85146809637
1094,85146937051
1095,85146942252
1096,85147045157
1097,85147110096
1098,85147143457
1099,85147143773
1100,85147185014
1101,85147251232
1102,85147292357
1103,85147307835
1104,85147388348
1105,85147427223
1106,85147473439
1107,85147652265
1108,85147675309
1109,85147676947
1110,85147704042
1111,85147732917
1112,85147805893
1113,85147895667
1114,85147931011
1115,85148295677
1116,85148360461
1117,85148383225
1118,85148604518
1119,85148607813
1120,85148702916
1121,85148851427
1122,85148858081
1123,85148955012
1124,85149013993
1125,85149067662
1126,85149174595
1127,85149317344
1128,85149399676
1129,85149443512
1130,85149481582
1131,85149494229
1132,85149643977
1133,85149665989
1134,85149770838
1135,85149859024
1136,85149875643
1137,85149926144
1138,85150163291
1139,85150291598
1140,85150387081
1141,85150531592
1142,85150766843
1143,85150904926
1144,85150923345
1145,85150937831
1146,85151208998
1147,85151238560
1148,85151306911
1149,85151366978
1150,85151432782
1151,85151481552
1152,85151735721
1153,85151744300
1154,85152104101
1155,85152138745
1156,85152174030
1157,85152334807
1158,85152564394
1159,85152625746
1160,85152724989
1161,85152815799
1162,85152898483
1163,85153370075
1164,85153387379
1165,85153771104
1166,85153855595
1167,85153933579
1168,85154572098
1169,85156118528
1170,85156149520
1171,85156158015
1172,85156228529
1173,85158948061
1174,85159293941
1175,85159346334
1176,85159407219
1177,85159458429
1178,85159464803
1179,85159655410
1180,85159791547
1181,85159797784
1182,85160048736
1183,85160064238
1184,85160071776
1185,85160253356
1186,85160356049
1187,85160401428
1188,85160417433
1189,85160720145
1190,85160828266
1191,85161131598
1192,85161297047
1193,85161434280
1194,85161465355
1195,85161966368
1196,85162226200
1197,85162801064
1198,85162847096
1199,85162889633
1200,85162891205
1201,85162929256
1202,85163037692
1203,85163217038
1204,85163276805
1205,85163315835
1206,85163359100
1207,85163395000
1208,85163608403
1209,85163703193
1210,85163973475
1211,85164002822
1212,85164025554
1213,85164291576
1214,85164376244
1215,85164444474
1216,85164460803
1217,85164503835
1218,85164534650
1219,85164674677
1220,85164748652
1221,85164846290
1222,85164977219
1223,85164977664
1224,85165093901
1225,85165188647
1226,85165327302
1227,85165356287
1228,85165557992
1229,85165622179
1230,85165622232
1231,85165668888
1232,85165929707
1233,85166060899
1234,85166183738
1235,85166293136
1236,85166674423
1237,85166738824
1238,85166753711
1239,85166758302
1240,85167358469
1241,85167415162
1242,85167608381
1243,85167780068
1244,85167878573
1245,85167965999
1246,85167999411
1247,85168292139
1248,85168464882
1249,85168483053
1250,85168845448
1251,85169295471
1252,85169302277
1253,85169376216
1254,85169536377
1255,85169617387
1256,85169700836
1257,85169780967
1258,85169838469
1259,85170270707
1260,85170351428
